text,category,priority
Slow leak affecting bus stop water tank,water_leak,medium
Huge pile of garbage rotting near school gate,garbage,high
Streetlight flickering occasionally near shopping complex,streetlight,low
Streetlight flickering occasionally near temple street,streetlight,low
Streetlight not working near community hall for weeks,streetlight,medium
Sewage overflow near hospital road,drainage,high
Growing pothole on railway crossing needs attention,pothole,medium
Minor waste accumulation near school gate,garbage,low
Large pothole on community hall causing accidents,pothole,high
Industrial waste dumped near railway crossing,illegal_dumping,high
Road full of potholes near shopping complex after rain,pothole,medium
Streetlight flickering occasionally near main road,streetlight,low
Dangerous pothole on hospital road injured a rider,pothole,high
Minor dripping from pipe joint near market area,water_leak,low
Growing pothole on residential lane needs attention,pothole,medium
Garbage bin overflowing near park entrance for days,garbage,medium
Water logging near residential lane due to leak,water_leak,medium
Public wall collapsed blocking bus stop,property_damage,high
Minor blockage in drain near temple street,drainage,low
Someone dumping household waste near residential lane,illegal_dumping,medium
Growing pothole on bridge needs attention,pothole,medium
Minor scratch on signage near community hall,property_damage,low
Someone dumping household waste near temple street,illegal_dumping,medium
Foul smell coming from restroom near shopping complex,sanitation,medium
Vandalized public property near hospital road,property_damage,medium
Minor cleanliness issue in toilet near market area,sanitation,low
Trash not collected near school gate for a week,garbage,medium
Minor dripping from pipe joint near park entrance,water_leak,low
Streetlight not working near hospital road for weeks,streetlight,medium
Industrial waste dumped near hospital road,illegal_dumping,high
Minor dripping from pipe joint near hospital road,water_leak,low
Minor dripping from pipe joint near hospital road,water_leak,low
Water pipe burst flooding bus stop,water_leak,high
Public toilet near hospital road extremely unhygienic,sanitation,high
Minor blockage in drain near market area,drainage,low
Foul smell coming from restroom near temple street,sanitation,medium
Garbage bin overflowing near school gate for days,garbage,medium
Minor cleanliness issue in toilet near residential lane,sanitation,low
Streetlight not working near community hall for weeks,streetlight,medium
Public toilet near main road extremely unhygienic,sanitation,high
Industrial waste dumped near park entrance,illegal_dumping,high
Public toilet near market area extremely unhygienic,sanitation,high
Minor waste accumulation near shopping complex,garbage,low
Vandalized public property near main road,property_damage,medium
Slow leak affecting residential lane water tank,water_leak,medium
Overflowing dustbin near bridge attracting animals,garbage,high
Industrial waste dumped near bus stop,illegal_dumping,high
Trash not collected near main road for a week,garbage,medium
Someone dumping household waste near bus stop,illegal_dumping,medium
Public toilet near shopping complex extremely unhygienic,sanitation,high
Vandalized public property near market area,property_damage,medium
Public wall collapsed blocking temple street,property_damage,high
Someone dumping household waste near bridge,illegal_dumping,medium
Growing pothole on hospital road needs attention,pothole,medium
Slow drainage after rain near residential lane,drainage,medium
Slow drainage after rain near market area,drainage,medium
Garbage bin overflowing near school gate for days,garbage,medium
Streetlight not working near hospital road for weeks,streetlight,medium
Industrial waste dumped near market area,illegal_dumping,high
Streetlight not working near main road for weeks,streetlight,medium
Foul smell coming from restroom near residential lane,sanitation,medium
Water logging near bus stop due to leak,water_leak,medium
Someone dumping household waste near main road,illegal_dumping,medium
Trash not collected near market area for a week,garbage,medium
Industrial waste dumped near school gate,illegal_dumping,high
Someone dumping household waste near bridge,illegal_dumping,medium
Minor crack on park entrance not very deep,pothole,low
Someone dumping household waste near community hall,illegal_dumping,medium
Minor crack on temple street not very deep,pothole,low
Public wall collapsed blocking market area,property_damage,high
Minor cleanliness issue in toilet near residential lane,sanitation,low
Major water leakage wasting water near railway crossing,water_leak,high
Small pothole forming near residential lane,pothole,low
Minor blockage in drain near shopping complex,drainage,low
Industrial waste dumped near shopping complex,illegal_dumping,high
Broken streetlight pole leaning dangerously near railway crossing,streetlight,high
Small pothole forming near railway crossing,pothole,low
Small pile of leaves dumped near railway crossing,illegal_dumping,low
Minor cleanliness issue in toilet near residential lane,sanitation,low
Dangerous pothole on hospital road injured a rider,pothole,high
Garbage bin overflowing near bridge for days,garbage,medium
Public toilet near railway crossing extremely unhygienic,sanitation,high
Streetlight flickering occasionally near temple street,streetlight,low
Road full of potholes near bridge after rain,pothole,medium
Broken streetlight pole leaning dangerously near shopping complex,streetlight,high
Foul smell coming from restroom near shopping complex,sanitation,medium
Overflowing dustbin near railway crossing attracting animals,garbage,high
Someone dumping household waste near shopping complex,illegal_dumping,medium
Streetlight flickering occasionally near school gate,streetlight,low
Minor crack on park entrance not very deep,pothole,low
Public wall collapsed blocking residential lane,property_damage,high
Minor dripping from pipe joint near shopping complex,water_leak,low
Minor scratch on signage near school gate,property_damage,low
Small pile of leaves dumped near bus stop,illegal_dumping,low
Minor crack on market area not very deep,pothole,low
Small pile of leaves dumped near bus stop,illegal_dumping,low
Slow leak affecting community hall water tank,water_leak,medium
Drainage completely blocked flooding hospital road,drainage,high
Public wall collapsed blocking shopping complex,property_damage,high
Road full of potholes near temple street after rain,pothole,medium
Public toilet near bridge extremely unhygienic,sanitation,high
Growing pothole on park entrance needs attention,pothole,medium
Streetlight flickering occasionally near railway crossing,streetlight,low
Trash not collected near temple street for a week,garbage,medium
Vandalized public property near bridge,property_damage,medium
Large pothole on community hall causing accidents,pothole,high
Water logging near hospital road due to leak,water_leak,medium
Dangerous pothole on bus stop injured a rider,pothole,high
Someone dumping household waste near railway crossing,illegal_dumping,medium
Minor blockage in drain near shopping complex,drainage,low
Small litter near park entrance,garbage,low
Minor crack on bridge not very deep,pothole,low
Dangerous pothole on market area injured a rider,pothole,high
Entire bus stop dark at night no lights working,streetlight,high
Vandalized public property near park entrance,property_damage,medium
Minor blockage in drain near market area,drainage,low
Vandalized public property near hospital road,property_damage,medium
Drainage completely blocked flooding residential lane,drainage,high
Entire school gate dark at night no lights working,streetlight,high
Small litter near park entrance,garbage,low
Dangerous pothole on hospital road injured a rider,pothole,high
Minor dripping from pipe joint near market area,water_leak,low
Minor blockage in drain near park entrance,drainage,low
Minor dripping from pipe joint near residential lane,water_leak,low
Huge pile of garbage rotting near bus stop,garbage,high
Overflowing dustbin near temple street attracting animals,garbage,high
Trash not collected near main road for a week,garbage,medium
Major water leakage wasting water near shopping complex,water_leak,high
Slow leak affecting temple street water tank,water_leak,medium
Road full of potholes near bridge after rain,pothole,medium
Minor crack on temple street not very deep,pothole,low
Foul smell coming from restroom near residential lane,sanitation,medium
Slow leak affecting shopping complex water tank,water_leak,medium
Small pile of leaves dumped near market area,illegal_dumping,low
Broken streetlight pole leaning dangerously near bridge,streetlight,high
Growing pothole on main road needs attention,pothole,medium
Foul smell coming from restroom near bridge,sanitation,medium
Dangerous pothole on temple street injured a rider,pothole,high
Streetlight flickering occasionally near residential lane,streetlight,low
Slow drainage after rain near community hall,drainage,medium
Broken streetlight pole leaning dangerously near hospital road,streetlight,high
Vandalized public property near park entrance,property_damage,medium
Minor blockage in drain near bridge,drainage,low
Large pothole on temple street causing accidents,pothole,high
Streetlight not working near residential lane for weeks,streetlight,medium
Slow drainage after rain near residential lane,drainage,medium
Overflowing dustbin near market area attracting animals,garbage,high
Huge pile of garbage rotting near main road,garbage,high
Streetlight not working near hospital road for weeks,streetlight,medium
Minor cleanliness issue in toilet near bus stop,sanitation,low
Water pipe burst flooding residential lane,water_leak,high
Broken streetlight pole leaning dangerously near residential lane,streetlight,high
Streetlight flickering occasionally near school gate,streetlight,low
Growing pothole on school gate needs attention,pothole,medium
Minor blockage in drain near main road,drainage,low
Growing pothole on main road needs attention,pothole,medium
Someone dumping household waste near main road,illegal_dumping,medium
Public wall collapsed blocking community hall,property_damage,high
Garbage bin overflowing near railway crossing for days,garbage,medium
Large pothole on main road causing accidents,pothole,high
Public wall collapsed blocking residential lane,property_damage,high
Small litter near railway crossing,garbage,low
Streetlight flickering occasionally near park entrance,streetlight,low
Streetlight flickering occasionally near bridge,streetlight,low
Deep pothole near residential lane damaging vehicles,pothole,high
Minor cleanliness issue in toilet near hospital road,sanitation,low
Small litter near main road,garbage,low
Minor waste accumulation near hospital road,garbage,low
Entire park entrance dark at night no lights working,streetlight,high
Large pothole on residential lane causing accidents,pothole,high
Someone dumping household waste near market area,illegal_dumping,medium
Vandalized public property near hospital road,property_damage,medium
Streetlight not working near hospital road for weeks,streetlight,medium
Sewage overflow near temple street,drainage,high
Garbage bin overflowing near railway crossing for days,garbage,medium
Minor waste accumulation near residential lane,garbage,low
Streetlight not working near railway crossing for weeks,streetlight,medium
Major water leakage wasting water near community hall,water_leak,high
Slow leak affecting hospital road water tank,water_leak,medium
Minor scratch on signage near temple street,property_damage,low
Foul smell coming from restroom near bridge,sanitation,medium
Drainage completely blocked flooding community hall,drainage,high
Growing pothole on shopping complex needs attention,pothole,medium
Vandalized public property near community hall,property_damage,medium
Someone dumping household waste near market area,illegal_dumping,medium
Deep pothole near railway crossing damaging vehicles,pothole,high
Minor dripping from pipe joint near shopping complex,water_leak,low
Drainage completely blocked flooding temple street,drainage,high
Dangerous pothole on market area injured a rider,pothole,high
Garbage bin overflowing near main road for days,garbage,medium
Small pile of leaves dumped near community hall,illegal_dumping,low
Drainage completely blocked flooding market area,drainage,high
Small pothole forming near park entrance,pothole,low
Streetlight flickering occasionally near shopping complex,streetlight,low
Broken streetlight pole leaning dangerously near bridge,streetlight,high
Small pile of leaves dumped near community hall,illegal_dumping,low
Major water leakage wasting water near school gate,water_leak,high
Industrial waste dumped near bridge,illegal_dumping,high
Minor blockage in drain near bus stop,drainage,low
Minor cleanliness issue in toilet near hospital road,sanitation,low
Slow leak affecting hospital road water tank,water_leak,medium
Small pile of leaves dumped near park entrance,illegal_dumping,low
Industrial waste dumped near residential lane,illegal_dumping,high
Public toilet near hospital road extremely unhygienic,sanitation,high
Vandalized public property near community hall,property_damage,medium
Minor crack on community hall not very deep,pothole,low
Minor waste accumulation near main road,garbage,low
Streetlight not working near community hall for weeks,streetlight,medium
Foul smell coming from restroom near bus stop,sanitation,medium
Small pothole forming near main road,pothole,low
Entire market area dark at night no lights working,streetlight,high
Streetlight flickering occasionally near temple street,streetlight,low
Minor scratch on signage near bridge,property_damage,low
Sewage overflow near hospital road,drainage,high
Drainage completely blocked flooding community hall,drainage,high
Major water leakage wasting water near park entrance,water_leak,high
Small pile of leaves dumped near bridge,illegal_dumping,low
Minor crack on park entrance not very deep,pothole,low
Overflowing dustbin near market area attracting animals,garbage,high
Slow drainage after rain near railway crossing,drainage,medium
Small pile of leaves dumped near main road,illegal_dumping,low
Dangerous pothole on railway crossing injured a rider,pothole,high
Public wall collapsed blocking residential lane,property_damage,high
Public wall collapsed blocking temple street,property_damage,high
Major water leakage wasting water near hospital road,water_leak,high
Sewage overflow near park entrance,drainage,high
Vandalized public property near shopping complex,property_damage,medium
Streetlight flickering occasionally near park entrance,streetlight,low
Vandalized public property near park entrance,property_damage,medium
Minor scratch on signage near school gate,property_damage,low
Minor cleanliness issue in toilet near main road,sanitation,low
Major water leakage wasting water near temple street,water_leak,high
Minor scratch on signage near residential lane,property_damage,low
Industrial waste dumped near railway crossing,illegal_dumping,high
Slow drainage after rain near shopping complex,drainage,medium
Streetlight flickering occasionally near community hall,streetlight,low
Public toilet near community hall extremely unhygienic,sanitation,high
Garbage bin overflowing near park entrance for days,garbage,medium
Slow drainage after rain near shopping complex,drainage,medium
Public wall collapsed blocking main road,property_damage,high
Minor scratch on signage near bridge,property_damage,low
Slow drainage after rain near market area,drainage,medium
Industrial waste dumped near school gate,illegal_dumping,high
Drainage completely blocked flooding shopping complex,drainage,high
Foul smell coming from restroom near hospital road,sanitation,medium
Water pipe burst flooding school gate,water_leak,high
Major water leakage wasting water near market area,water_leak,high
Entire school gate dark at night no lights working,streetlight,high
Slow drainage after rain near railway crossing,drainage,medium
Public toilet near bridge extremely unhygienic,sanitation,high
Minor scratch on signage near school gate,property_damage,low
Streetlight flickering occasionally near hospital road,streetlight,low
Minor cleanliness issue in toilet near market area,sanitation,low
Minor cleanliness issue in toilet near main road,sanitation,low
Minor scratch on signage near residential lane,property_damage,low
Minor blockage in drain near hospital road,drainage,low
Foul smell coming from restroom near shopping complex,sanitation,medium
Streetlight not working near main road for weeks,streetlight,medium
Minor crack on temple street not very deep,pothole,low
Slow drainage after rain near residential lane,drainage,medium
Streetlight flickering occasionally near park entrance,streetlight,low
Minor blockage in drain near bus stop,drainage,low
Entire main road dark at night no lights working,streetlight,high
Minor scratch on signage near temple street,property_damage,low
Road full of potholes near temple street after rain,pothole,medium
Minor blockage in drain near market area,drainage,low
Water logging near shopping complex due to leak,water_leak,medium
Foul smell coming from restroom near railway crossing,sanitation,medium
Broken streetlight pole leaning dangerously near railway crossing,streetlight,high
Major water leakage wasting water near bridge,water_leak,high
Minor cleanliness issue in toilet near market area,sanitation,low
Sewage overflow near community hall,drainage,high
Public wall collapsed blocking temple street,property_damage,high
Minor dripping from pipe joint near main road,water_leak,low
Industrial waste dumped near main road,illegal_dumping,high
Major water leakage wasting water near bridge,water_leak,high
Entire bus stop dark at night no lights working,streetlight,high
Road full of potholes near park entrance after rain,pothole,medium
Minor scratch on signage near residential lane,property_damage,low
Growing pothole on market area needs attention,pothole,medium
Slow drainage after rain near school gate,drainage,medium
Small pile of leaves dumped near park entrance,illegal_dumping,low
Trash not collected near shopping complex for a week,garbage,medium
Minor scratch on signage near hospital road,property_damage,low
Road full of potholes near community hall after rain,pothole,medium
Minor scratch on signage near shopping complex,property_damage,low
Public toilet near railway crossing extremely unhygienic,sanitation,high
Minor blockage in drain near school gate,drainage,low
Drainage completely blocked flooding residential lane,drainage,high
Small pothole forming near shopping complex,pothole,low
Broken streetlight pole leaning dangerously near railway crossing,streetlight,high
Foul smell coming from restroom near bridge,sanitation,medium
Minor blockage in drain near temple street,drainage,low
Entire main road dark at night no lights working,streetlight,high
Minor scratch on signage near residential lane,property_damage,low
Foul smell coming from restroom near residential lane,sanitation,medium
Broken streetlight pole leaning dangerously near bus stop,streetlight,high
Minor cleanliness issue in toilet near community hall,sanitation,low
Public toilet near temple street extremely unhygienic,sanitation,high
Vandalized public property near temple street,property_damage,medium
Water pipe burst flooding school gate,water_leak,high
Minor blockage in drain near park entrance,drainage,low
Minor cleanliness issue in toilet near railway crossing,sanitation,low
Broken streetlight pole leaning dangerously near community hall,streetlight,high
Streetlight flickering occasionally near hospital road,streetlight,low
Road full of potholes near bridge after rain,pothole,medium
Public toilet near bus stop extremely unhygienic,sanitation,high
Public toilet near shopping complex extremely unhygienic,sanitation,high
Small pile of leaves dumped near park entrance,illegal_dumping,low
Major water leakage wasting water near community hall,water_leak,high
Someone dumping household waste near bridge,illegal_dumping,medium
Major water leakage wasting water near community hall,water_leak,high
Minor blockage in drain near railway crossing,drainage,low
Sewage overflow near residential lane,drainage,high
Large pothole on market area causing accidents,pothole,high
Slow drainage after rain near main road,drainage,medium
Huge pile of garbage rotting near shopping complex,garbage,high
Major water leakage wasting water near hospital road,water_leak,high
Drainage completely blocked flooding bridge,drainage,high
Small pile of leaves dumped near bridge,illegal_dumping,low
Garbage bin overflowing near bridge for days,garbage,medium
Trash not collected near bus stop for a week,garbage,medium
Minor scratch on signage near residential lane,property_damage,low
Slow leak affecting bus stop water tank,water_leak,medium
Road full of potholes near school gate after rain,pothole,medium
Dangerous pothole on market area injured a rider,pothole,high
Minor dripping from pipe joint near community hall,water_leak,low
Public wall collapsed blocking park entrance,property_damage,high
Vandalized public property near residential lane,property_damage,medium
Public toilet near market area extremely unhygienic,sanitation,high
Public toilet near hospital road extremely unhygienic,sanitation,high
Foul smell coming from restroom near main road,sanitation,medium
Industrial waste dumped near shopping complex,illegal_dumping,high
Public wall collapsed blocking main road,property_damage,high
Slow drainage after rain near bus stop,drainage,medium
Public wall collapsed blocking school gate,property_damage,high
Slow drainage after rain near railway crossing,drainage,medium
Broken streetlight pole leaning dangerously near school gate,streetlight,high
Minor crack on residential lane not very deep,pothole,low
Vandalized public property near hospital road,property_damage,medium
Foul smell coming from restroom near bus stop,sanitation,medium
Minor cleanliness issue in toilet near school gate,sanitation,low
Foul smell coming from restroom near shopping complex,sanitation,medium
Small pothole forming near shopping complex,pothole,low
Small pile of leaves dumped near community hall,illegal_dumping,low
Minor dripping from pipe joint near school gate,water_leak,low
Entire bus stop dark at night no lights working,streetlight,high
Someone dumping household waste near shopping complex,illegal_dumping,medium
Growing pothole on bridge needs attention,pothole,medium
Dangerous pothole on market area injured a rider,pothole,high
Minor dripping from pipe joint near market area,water_leak,low
Growing pothole on shopping complex needs attention,pothole,medium
Someone dumping household waste near main road,illegal_dumping,medium
Vandalized public property near residential lane,property_damage,medium
Minor cleanliness issue in toilet near hospital road,sanitation,low
Small pothole forming near market area,pothole,low
Sewage overflow near school gate,drainage,high
Minor scratch on signage near residential lane,property_damage,low
Slow leak affecting market area water tank,water_leak,medium
Major water leakage wasting water near community hall,water_leak,high
Slow leak affecting main road water tank,water_leak,medium
Vandalized public property near railway crossing,property_damage,medium
Foul smell coming from restroom near park entrance,sanitation,medium
Vandalized public property near park entrance,property_damage,medium
Dangerous pothole on community hall injured a rider,pothole,high
Streetlight not working near community hall for weeks,streetlight,medium
Small pile of leaves dumped near park entrance,illegal_dumping,low
Broken streetlight pole leaning dangerously near main road,streetlight,high
Minor dripping from pipe joint near bridge,water_leak,low
Minor blockage in drain near school gate,drainage,low
Garbage bin overflowing near railway crossing for days,garbage,medium
Minor scratch on signage near hospital road,property_damage,low
Growing pothole on community hall needs attention,pothole,medium
Water pipe burst flooding shopping complex,water_leak,high
Industrial waste dumped near main road,illegal_dumping,high
Foul smell coming from restroom near railway crossing,sanitation,medium
Minor cleanliness issue in toilet near hospital road,sanitation,low
Foul smell coming from restroom near hospital road,sanitation,medium
Someone dumping household waste near bus stop,illegal_dumping,medium
Public wall collapsed blocking bus stop,property_damage,high
Vandalized public property near temple street,property_damage,medium
Minor dripping from pipe joint near hospital road,water_leak,low
Streetlight not working near residential lane for weeks,streetlight,medium
Sewage overflow near bridge,drainage,high
Large pothole on residential lane causing accidents,pothole,high
Foul smell coming from restroom near park entrance,sanitation,medium
Minor blockage in drain near main road,drainage,low
Vandalized public property near bridge,property_damage,medium
Foul smell coming from restroom near community hall,sanitation,medium
Broken streetlight pole leaning dangerously near temple street,streetlight,high
Foul smell coming from restroom near hospital road,sanitation,medium
Small pile of leaves dumped near community hall,illegal_dumping,low
Industrial waste dumped near market area,illegal_dumping,high
Foul smell coming from restroom near residential lane,sanitation,medium
Drainage completely blocked flooding school gate,drainage,high
Small pile of leaves dumped near temple street,illegal_dumping,low
Growing pothole on railway crossing needs attention,pothole,medium
Minor blockage in drain near bridge,drainage,low
Dangerous pothole on railway crossing injured a rider,pothole,high
Drainage completely blocked flooding railway crossing,drainage,high
Foul smell coming from restroom near main road,sanitation,medium
Public toilet near bus stop extremely unhygienic,sanitation,high
Streetlight flickering occasionally near hospital road,streetlight,low
Industrial waste dumped near shopping complex,illegal_dumping,high
Minor blockage in drain near bridge,drainage,low
Foul smell coming from restroom near hospital road,sanitation,medium
Water pipe burst flooding bridge,water_leak,high
Small pile of leaves dumped near hospital road,illegal_dumping,low
Slow drainage after rain near bus stop,drainage,medium
Minor blockage in drain near school gate,drainage,low
Dangerous pothole on hospital road injured a rider,pothole,high
Water pipe burst flooding temple street,water_leak,high
Road full of potholes near main road after rain,pothole,medium
Minor scratch on signage near market area,property_damage,low
Slow drainage after rain near residential lane,drainage,medium
Industrial waste dumped near market area,illegal_dumping,high
Overflowing dustbin near school gate attracting animals,garbage,high
Slow drainage after rain near hospital road,drainage,medium
Huge pile of garbage rotting near market area,garbage,high
Broken streetlight pole leaning dangerously near shopping complex,streetlight,high
Slow drainage after rain near hospital road,drainage,medium
Foul smell coming from restroom near shopping complex,sanitation,medium
Public toilet near temple street extremely unhygienic,sanitation,high
Slow leak affecting school gate water tank,water_leak,medium
Someone dumping household waste near residential lane,illegal_dumping,medium
Industrial waste dumped near residential lane,illegal_dumping,high
Water logging near bus stop due to leak,water_leak,medium
Industrial waste dumped near railway crossing,illegal_dumping,high
Water pipe burst flooding park entrance,water_leak,high
Broken streetlight pole leaning dangerously near temple street,streetlight,high
Slow drainage after rain near main road,drainage,medium
Small pile of leaves dumped near hospital road,illegal_dumping,low
Growing pothole on temple street needs attention,pothole,medium
Industrial waste dumped near shopping complex,illegal_dumping,high
Vandalized public property near bridge,property_damage,medium
Trash not collected near main road for a week,garbage,medium
Slow drainage after rain near hospital road,drainage,medium
Huge pile of garbage rotting near hospital road,garbage,high
Foul smell coming from restroom near park entrance,sanitation,medium
Road full of potholes near temple street after rain,pothole,medium
Minor cleanliness issue in toilet near main road,sanitation,low
Minor dripping from pipe joint near temple street,water_leak,low
Small litter near bus stop,garbage,low
Minor dripping from pipe joint near bridge,water_leak,low
Vandalized public property near market area,property_damage,medium
Public toilet near shopping complex extremely unhygienic,sanitation,high
Broken streetlight pole leaning dangerously near park entrance,streetlight,high
Minor scratch on signage near market area,property_damage,low
Minor scratch on signage near railway crossing,property_damage,low
Minor cleanliness issue in toilet near temple street,sanitation,low
Minor dripping from pipe joint near residential lane,water_leak,low
Sewage overflow near residential lane,drainage,high
Huge pile of garbage rotting near temple street,garbage,high
Growing pothole on main road needs attention,pothole,medium
Minor cleanliness issue in toilet near hospital road,sanitation,low
Deep pothole near temple street damaging vehicles,pothole,high
Streetlight not working near temple street for weeks,streetlight,medium
Public wall collapsed blocking hospital road,property_damage,high
Minor dripping from pipe joint near residential lane,water_leak,low
Vandalized public property near shopping complex,property_damage,medium
Trash not collected near main road for a week,garbage,medium
Streetlight flickering occasionally near railway crossing,streetlight,low
Someone dumping household waste near shopping complex,illegal_dumping,medium
Dangerous pothole on bus stop injured a rider,pothole,high
Drainage completely blocked flooding school gate,drainage,high
Someone dumping household waste near shopping complex,illegal_dumping,medium
Someone dumping household waste near park entrance,illegal_dumping,medium
Minor cleanliness issue in toilet near bridge,sanitation,low
Overflowing dustbin near shopping complex attracting animals,garbage,high
Public toilet near main road extremely unhygienic,sanitation,high
Minor waste accumulation near bus stop,garbage,low
Streetlight not working near shopping complex for weeks,streetlight,medium
Vandalized public property near school gate,property_damage,medium
Growing pothole on community hall needs attention,pothole,medium
Someone dumping household waste near bus stop,illegal_dumping,medium
Small litter near railway crossing,garbage,low
Foul smell coming from restroom near residential lane,sanitation,medium
Sewage overflow near railway crossing,drainage,high
Streetlight not working near main road for weeks,streetlight,medium
Slow leak affecting shopping complex water tank,water_leak,medium
Minor scratch on signage near main road,property_damage,low
Sewage overflow near community hall,drainage,high
Small litter near bridge,garbage,low
Streetlight flickering occasionally near park entrance,streetlight,low
Minor dripping from pipe joint near school gate,water_leak,low
Minor scratch on signage near residential lane,property_damage,low
Broken streetlight pole leaning dangerously near main road,streetlight,high
Garbage bin overflowing near residential lane for days,garbage,medium
Minor dripping from pipe joint near bridge,water_leak,low
Minor waste accumulation near temple street,garbage,low
Minor cleanliness issue in toilet near railway crossing,sanitation,low
Streetlight flickering occasionally near park entrance,streetlight,low
Streetlight flickering occasionally near bridge,streetlight,low
Small litter near market area,garbage,low
Someone dumping household waste near main road,illegal_dumping,medium
Overflowing dustbin near shopping complex attracting animals,garbage,high
Industrial waste dumped near railway crossing,illegal_dumping,high
Someone dumping household waste near community hall,illegal_dumping,medium
Small litter near school gate,garbage,low
Dangerous pothole on hospital road injured a rider,pothole,high
Someone dumping household waste near market area,illegal_dumping,medium
Minor scratch on signage near community hall,property_damage,low
Major water leakage wasting water near bus stop,water_leak,high
Streetlight flickering occasionally near main road,streetlight,low
Industrial waste dumped near temple street,illegal_dumping,high
Minor blockage in drain near railway crossing,drainage,low
Slow drainage after rain near residential lane,drainage,medium
Foul smell coming from restroom near shopping complex,sanitation,medium
Public toilet near main road extremely unhygienic,sanitation,high
Water pipe burst flooding bridge,water_leak,high
Broken streetlight pole leaning dangerously near market area,streetlight,high
Minor blockage in drain near market area,drainage,low
Small pothole forming near park entrance,pothole,low
Trash not collected near community hall for a week,garbage,medium
Small pile of leaves dumped near market area,illegal_dumping,low
Public toilet near bridge extremely unhygienic,sanitation,high
Streetlight flickering occasionally near residential lane,streetlight,low
Small litter near bus stop,garbage,low
Water pipe burst flooding shopping complex,water_leak,high
Water logging near bridge due to leak,water_leak,medium
Vandalized public property near residential lane,property_damage,medium
Small pothole forming near residential lane,pothole,low
Streetlight flickering occasionally near park entrance,streetlight,low
Major water leakage wasting water near temple street,water_leak,high
Streetlight not working near school gate for weeks,streetlight,medium
Huge pile of garbage rotting near bridge,garbage,high
Foul smell coming from restroom near bridge,sanitation,medium
Streetlight flickering occasionally near community hall,streetlight,low
Public toilet near market area extremely unhygienic,sanitation,high
Foul smell coming from restroom near park entrance,sanitation,medium
Deep pothole near railway crossing damaging vehicles,pothole,high
Streetlight not working near shopping complex for weeks,streetlight,medium
Minor waste accumulation near shopping complex,garbage,low
Growing pothole on bridge needs attention,pothole,medium
Major water leakage wasting water near main road,water_leak,high
Minor crack on main road not very deep,pothole,low
Minor scratch on signage near park entrance,property_damage,low
Drainage completely blocked flooding park entrance,drainage,high
Minor cleanliness issue in toilet near railway crossing,sanitation,low
Streetlight flickering occasionally near school gate,streetlight,low
Someone dumping household waste near bus stop,illegal_dumping,medium
Foul smell coming from restroom near railway crossing,sanitation,medium
Minor cleanliness issue in toilet near railway crossing,sanitation,low
Major water leakage wasting water near park entrance,water_leak,high
Industrial waste dumped near temple street,illegal_dumping,high
Minor waste accumulation near hospital road,garbage,low
Slow drainage after rain near main road,drainage,medium
Overflowing dustbin near park entrance attracting animals,garbage,high
Small pile of leaves dumped near community hall,illegal_dumping,low
Growing pothole on school gate needs attention,pothole,medium
Minor scratch on signage near bridge,property_damage,low
Someone dumping household waste near residential lane,illegal_dumping,medium
Deep pothole near park entrance damaging vehicles,pothole,high
Water logging near shopping complex due to leak,water_leak,medium
Minor dripping from pipe joint near main road,water_leak,low
Small pile of leaves dumped near residential lane,illegal_dumping,low
Dangerous pothole on residential lane injured a rider,pothole,high
Small pile of leaves dumped near temple street,illegal_dumping,low
Deep pothole near hospital road damaging vehicles,pothole,high
Road full of potholes near shopping complex after rain,pothole,medium
Minor dripping from pipe joint near school gate,water_leak,low
Streetlight flickering occasionally near school gate,streetlight,low
Slow leak affecting park entrance water tank,water_leak,medium
Someone dumping household waste near residential lane,illegal_dumping,medium
Streetlight not working near residential lane for weeks,streetlight,medium
Minor dripping from pipe joint near bridge,water_leak,low
Minor blockage in drain near school gate,drainage,low
Public toilet near shopping complex extremely unhygienic,sanitation,high
Minor blockage in drain near shopping complex,drainage,low
Public wall collapsed blocking market area,property_damage,high
Slow leak affecting school gate water tank,water_leak,medium
Water pipe burst flooding school gate,water_leak,high
Minor cleanliness issue in toilet near bus stop,sanitation,low
Small pile of leaves dumped near main road,illegal_dumping,low
Streetlight flickering occasionally near school gate,streetlight,low
Road full of potholes near residential lane after rain,pothole,medium
Slow drainage after rain near school gate,drainage,medium
Streetlight flickering occasionally near bridge,streetlight,low
Small pothole forming near temple street,pothole,low
Minor waste accumulation near school gate,garbage,low
Small pile of leaves dumped near temple street,illegal_dumping,low
Drainage completely blocked flooding school gate,drainage,high
Large pothole on park entrance causing accidents,pothole,high
Drainage completely blocked flooding main road,drainage,high
Water pipe burst flooding bus stop,water_leak,high
Minor waste accumulation near railway crossing,garbage,low
Garbage bin overflowing near school gate for days,garbage,medium
Industrial waste dumped near bridge,illegal_dumping,high
Minor waste accumulation near school gate,garbage,low
Industrial waste dumped near temple street,illegal_dumping,high
Public toilet near bus stop extremely unhygienic,sanitation,high
Public wall collapsed blocking market area,property_damage,high
Streetlight not working near railway crossing for weeks,streetlight,medium
Small pile of leaves dumped near community hall,illegal_dumping,low
Major water leakage wasting water near school gate,water_leak,high
Industrial waste dumped near hospital road,illegal_dumping,high
Public toilet near community hall extremely unhygienic,sanitation,high
Road full of potholes near school gate after rain,pothole,medium
Minor scratch on signage near shopping complex,property_damage,low
Minor crack on market area not very deep,pothole,low
Slow leak affecting residential lane water tank,water_leak,medium
Overflowing dustbin near bus stop attracting animals,garbage,high
Public toilet near park entrance extremely unhygienic,sanitation,high
Minor dripping from pipe joint near bus stop,water_leak,low
Industrial waste dumped near main road,illegal_dumping,high
Streetlight flickering occasionally near bridge,streetlight,low
Drainage completely blocked flooding temple street,drainage,high
Industrial waste dumped near bus stop,illegal_dumping,high
Minor blockage in drain near community hall,drainage,low
Public wall collapsed blocking park entrance,property_damage,high
Trash not collected near main road for a week,garbage,medium
Industrial waste dumped near hospital road,illegal_dumping,high
Streetlight flickering occasionally near park entrance,streetlight,low
Drainage completely blocked flooding community hall,drainage,high
Minor waste accumulation near park entrance,garbage,low
Minor waste accumulation near shopping complex,garbage,low
Minor blockage in drain near temple street,drainage,low
Industrial waste dumped near residential lane,illegal_dumping,high
Someone dumping household waste near temple street,illegal_dumping,medium
Minor dripping from pipe joint near temple street,water_leak,low
Public toilet near bridge extremely unhygienic,sanitation,high
Minor waste accumulation near residential lane,garbage,low
Sewage overflow near community hall,drainage,high
Vandalized public property near residential lane,property_damage,medium
Public toilet near main road extremely unhygienic,sanitation,high
Small pothole forming near community hall,pothole,low
Huge pile of garbage rotting near main road,garbage,high
Entire residential lane dark at night no lights working,streetlight,high
Public toilet near market area extremely unhygienic,sanitation,high
Sewage overflow near temple street,drainage,high
Drainage completely blocked flooding bridge,drainage,high
Streetlight flickering occasionally near bridge,streetlight,low
Small pile of leaves dumped near residential lane,illegal_dumping,low
Minor cleanliness issue in toilet near community hall,sanitation,low
Streetlight not working near bus stop for weeks,streetlight,medium
Slow drainage after rain near market area,drainage,medium
Minor cleanliness issue in toilet near residential lane,sanitation,low
Minor dripping from pipe joint near bus stop,water_leak,low
Someone dumping household waste near shopping complex,illegal_dumping,medium
Vandalized public property near bus stop,property_damage,medium
Streetlight not working near hospital road for weeks,streetlight,medium
Industrial waste dumped near main road,illegal_dumping,high
Streetlight not working near hospital road for weeks,streetlight,medium
Small pile of leaves dumped near hospital road,illegal_dumping,low
Sewage overflow near bridge,drainage,high
Minor scratch on signage near bus stop,property_damage,low
Streetlight not working near hospital road for weeks,streetlight,medium
Small pothole forming near community hall,pothole,low
Small pile of leaves dumped near residential lane,illegal_dumping,low
Minor scratch on signage near temple street,property_damage,low
Small litter near market area,garbage,low
Minor cleanliness issue in toilet near temple street,sanitation,low
Vandalized public property near shopping complex,property_damage,medium
Vandalized public property near hospital road,property_damage,medium
Minor dripping from pipe joint near market area,water_leak,low
Vandalized public property near shopping complex,property_damage,medium
Overflowing dustbin near bus stop attracting animals,garbage,high
Huge pile of garbage rotting near residential lane,garbage,high
Growing pothole on community hall needs attention,pothole,medium
Minor waste accumulation near residential lane,garbage,low
Minor waste accumulation near market area,garbage,low
Broken streetlight pole leaning dangerously near bridge,streetlight,high
Minor scratch on signage near school gate,property_damage,low
Minor crack on hospital road not very deep,pothole,low
Water logging near market area due to leak,water_leak,medium
Growing pothole on hospital road needs attention,pothole,medium
Small pile of leaves dumped near school gate,illegal_dumping,low
Public wall collapsed blocking shopping complex,property_damage,high
Minor dripping from pipe joint near temple street,water_leak,low
Huge pile of garbage rotting near market area,garbage,high
Huge pile of garbage rotting near hospital road,garbage,high
Public wall collapsed blocking market area,property_damage,high
Minor dripping from pipe joint near shopping complex,water_leak,low
Public toilet near bridge extremely unhygienic,sanitation,high
Water logging near market area due to leak,water_leak,medium
Growing pothole on market area needs attention,pothole,medium
Public wall collapsed blocking main road,property_damage,high
Minor blockage in drain near bus stop,drainage,low
Foul smell coming from restroom near bus stop,sanitation,medium
Minor waste accumulation near shopping complex,garbage,low
Vandalized public property near railway crossing,property_damage,medium
Vandalized public property near community hall,property_damage,medium
Minor crack on bridge not very deep,pothole,low
Slow drainage after rain near temple street,drainage,medium
Minor crack on residential lane not very deep,pothole,low
Minor cleanliness issue in toilet near main road,sanitation,low
Small litter near shopping complex,garbage,low
Minor dripping from pipe joint near school gate,water_leak,low
Minor cleanliness issue in toilet near shopping complex,sanitation,low
Minor dripping from pipe joint near community hall,water_leak,low
Small litter near residential lane,garbage,low
Garbage bin overflowing near temple street for days,garbage,medium
Streetlight flickering occasionally near hospital road,streetlight,low
Small pothole forming near market area,pothole,low
Streetlight not working near shopping complex for weeks,streetlight,medium
Road full of potholes near school gate after rain,pothole,medium
Minor scratch on signage near hospital road,property_damage,low
Minor cleanliness issue in toilet near main road,sanitation,low
Overflowing dustbin near community hall attracting animals,garbage,high
Vandalized public property near bridge,property_damage,medium
Foul smell coming from restroom near main road,sanitation,medium
Minor dripping from pipe joint near community hall,water_leak,low
Minor scratch on signage near railway crossing,property_damage,low
Small pile of leaves dumped near bridge,illegal_dumping,low
Minor dripping from pipe joint near main road,water_leak,low
Slow leak affecting railway crossing water tank,water_leak,medium
Overflowing dustbin near temple street attracting animals,garbage,high
Industrial waste dumped near main road,illegal_dumping,high
Someone dumping household waste near bus stop,illegal_dumping,medium
Minor dripping from pipe joint near residential lane,water_leak,low
Public wall collapsed blocking railway crossing,property_damage,high
Water logging near bus stop due to leak,water_leak,medium
Minor scratch on signage near shopping complex,property_damage,low
Public toilet near community hall extremely unhygienic,sanitation,high
Trash not collected near bus stop for a week,garbage,medium
Public toilet near community hall extremely unhygienic,sanitation,high
Minor waste accumulation near hospital road,garbage,low
Minor crack on shopping complex not very deep,pothole,low
Entire market area dark at night no lights working,streetlight,high
Foul smell coming from restroom near bus stop,sanitation,medium
Trash not collected near main road for a week,garbage,medium
Minor cleanliness issue in toilet near park entrance,sanitation,low
Minor waste accumulation near main road,garbage,low
Slow leak affecting school gate water tank,water_leak,medium
Water logging near residential lane due to leak,water_leak,medium
Minor blockage in drain near school gate,drainage,low
Public toilet near main road extremely unhygienic,sanitation,high
Small pothole forming near bus stop,pothole,low
Drainage completely blocked flooding temple street,drainage,high
Minor blockage in drain near hospital road,drainage,low
Large pothole on school gate causing accidents,pothole,high
Garbage bin overflowing near residential lane for days,garbage,medium
Garbage bin overflowing near residential lane for days,garbage,medium
Dangerous pothole on hospital road injured a rider,pothole,high
Foul smell coming from restroom near main road,sanitation,medium
Someone dumping household waste near railway crossing,illegal_dumping,medium
Sewage overflow near school gate,drainage,high
Major water leakage wasting water near shopping complex,water_leak,high
Minor cleanliness issue in toilet near market area,sanitation,low
Dangerous pothole on bridge injured a rider,pothole,high
Streetlight not working near market area for weeks,streetlight,medium
Minor cleanliness issue in toilet near bus stop,sanitation,low
Drainage completely blocked flooding market area,drainage,high
Streetlight flickering occasionally near park entrance,streetlight,low
Small pothole forming near residential lane,pothole,low
Minor crack on main road not very deep,pothole,low
Slow drainage after rain near main road,drainage,medium
Huge pile of garbage rotting near residential lane,garbage,high
Water pipe burst flooding main road,water_leak,high
Minor cleanliness issue in toilet near community hall,sanitation,low
Trash not collected near community hall for a week,garbage,medium
Minor dripping from pipe joint near bus stop,water_leak,low
Growing pothole on residential lane needs attention,pothole,medium
Small pothole forming near market area,pothole,low
Huge pile of garbage rotting near bridge,garbage,high
Deep pothole near bridge damaging vehicles,pothole,high
Public wall collapsed blocking bridge,property_damage,high
Slow drainage after rain near residential lane,drainage,medium
Drainage completely blocked flooding railway crossing,drainage,high
Streetlight flickering occasionally near main road,streetlight,low
Minor scratch on signage near school gate,property_damage,low
Garbage bin overflowing near bridge for days,garbage,medium
Large pothole on residential lane causing accidents,pothole,high
Industrial waste dumped near main road,illegal_dumping,high
Minor waste accumulation near bridge,garbage,low
Streetlight not working near bus stop for weeks,streetlight,medium
Slow leak affecting shopping complex water tank,water_leak,medium
Public wall collapsed blocking bus stop,property_damage,high
Streetlight not working near community hall for weeks,streetlight,medium
Slow drainage after rain near temple street,drainage,medium
Minor dripping from pipe joint near railway crossing,water_leak,low
Streetlight not working near park entrance for weeks,streetlight,medium
Public wall collapsed blocking school gate,property_damage,high
Huge pile of garbage rotting near community hall,garbage,high
Major water leakage wasting water near community hall,water_leak,high
Minor blockage in drain near temple street,drainage,low
Large pothole on community hall causing accidents,pothole,high
Entire bus stop dark at night no lights working,streetlight,high
Foul smell coming from restroom near school gate,sanitation,medium
Slow leak affecting community hall water tank,water_leak,medium
Public wall collapsed blocking community hall,property_damage,high
Trash not collected near market area for a week,garbage,medium
Foul smell coming from restroom near school gate,sanitation,medium
Minor cleanliness issue in toilet near bus stop,sanitation,low
Public wall collapsed blocking bridge,property_damage,high
Vandalized public property near hospital road,property_damage,medium
Industrial waste dumped near bus stop,illegal_dumping,high
Minor crack on market area not very deep,pothole,low
Slow leak affecting shopping complex water tank,water_leak,medium
Streetlight not working near market area for weeks,streetlight,medium
Slow drainage after rain near park entrance,drainage,medium
Huge pile of garbage rotting near residential lane,garbage,high
Public toilet near main road extremely unhygienic,sanitation,high
Broken streetlight pole leaning dangerously near main road,streetlight,high
Public wall collapsed blocking market area,property_damage,high
Public toilet near residential lane extremely unhygienic,sanitation,high
Foul smell coming from restroom near school gate,sanitation,medium
Public wall collapsed blocking park entrance,property_damage,high
Minor blockage in drain near community hall,drainage,low
Public wall collapsed blocking bridge,property_damage,high
Public toilet near main road extremely unhygienic,sanitation,high
Streetlight not working near park entrance for weeks,streetlight,medium
Slow leak affecting residential lane water tank,water_leak,medium
Streetlight not working near temple street for weeks,streetlight,medium
Small litter near railway crossing,garbage,low
Garbage bin overflowing near railway crossing for days,garbage,medium
Minor cleanliness issue in toilet near hospital road,sanitation,low
Entire park entrance dark at night no lights working,streetlight,high
Trash not collected near market area for a week,garbage,medium
Sewage overflow near shopping complex,drainage,high
Public toilet near bus stop extremely unhygienic,sanitation,high
Major water leakage wasting water near bus stop,water_leak,high
Small pile of leaves dumped near hospital road,illegal_dumping,low
Minor blockage in drain near bridge,drainage,low
Small pothole forming near shopping complex,pothole,low
Industrial waste dumped near shopping complex,illegal_dumping,high
Streetlight flickering occasionally near main road,streetlight,low
Small pile of leaves dumped near railway crossing,illegal_dumping,low
Large pothole on hospital road causing accidents,pothole,high
Public wall collapsed blocking hospital road,property_damage,high
Dangerous pothole on main road injured a rider,pothole,high
Broken streetlight pole leaning dangerously near school gate,streetlight,high
Huge pile of garbage rotting near school gate,garbage,high
Industrial waste dumped near temple street,illegal_dumping,high
Huge pile of garbage rotting near shopping complex,garbage,high
Minor scratch on signage near bridge,property_damage,low
Water pipe burst flooding school gate,water_leak,high
Water logging near bus stop due to leak,water_leak,medium
Streetlight not working near main road for weeks,streetlight,medium
Overflowing dustbin near community hall attracting animals,garbage,high
Streetlight not working near hospital road for weeks,streetlight,medium
Entire bridge dark at night no lights working,streetlight,high
Public toilet near bridge extremely unhygienic,sanitation,high
Small pothole forming near temple street,pothole,low
Drainage completely blocked flooding school gate,drainage,high
Drainage completely blocked flooding park entrance,drainage,high
Public toilet near community hall extremely unhygienic,sanitation,high
Overflowing dustbin near temple street attracting animals,garbage,high
Broken streetlight pole leaning dangerously near residential lane,streetlight,high
Minor scratch on signage near bridge,property_damage,low
Public toilet near temple street extremely unhygienic,sanitation,high
Streetlight not working near hospital road for weeks,streetlight,medium
Minor cleanliness issue in toilet near residential lane,sanitation,low
Small pile of leaves dumped near school gate,illegal_dumping,low
Industrial waste dumped near hospital road,illegal_dumping,high
Minor scratch on signage near temple street,property_damage,low
Water pipe burst flooding main road,water_leak,high
Slow leak affecting school gate water tank,water_leak,medium
Minor scratch on signage near park entrance,property_damage,low
Vandalized public property near school gate,property_damage,medium
Small litter near shopping complex,garbage,low
Minor cleanliness issue in toilet near shopping complex,sanitation,low
Vandalized public property near bridge,property_damage,medium
Minor cleanliness issue in toilet near school gate,sanitation,low
Public wall collapsed blocking bridge,property_damage,high
Public wall collapsed blocking residential lane,property_damage,high
Slow drainage after rain near main road,drainage,medium
Deep pothole near main road damaging vehicles,pothole,high
Streetlight not working near bridge for weeks,streetlight,medium
Small litter near community hall,garbage,low
Small pothole forming near main road,pothole,low
Slow leak affecting park entrance water tank,water_leak,medium
Minor scratch on signage near market area,property_damage,low
Minor waste accumulation near main road,garbage,low
Overflowing dustbin near temple street attracting animals,garbage,high
Slow drainage after rain near residential lane,drainage,medium
Major water leakage wasting water near residential lane,water_leak,high
Minor cleanliness issue in toilet near residential lane,sanitation,low
Public wall collapsed blocking bus stop,property_damage,high
Someone dumping household waste near market area,illegal_dumping,medium
Streetlight flickering occasionally near park entrance,streetlight,low
Garbage bin overflowing near residential lane for days,garbage,medium
Minor dripping from pipe joint near park entrance,water_leak,low
Public toilet near school gate extremely unhygienic,sanitation,high
Overflowing dustbin near market area attracting animals,garbage,high
Minor scratch on signage near park entrance,property_damage,low
Slow drainage after rain near park entrance,drainage,medium
Overflowing dustbin near market area attracting animals,garbage,high
Vandalized public property near bridge,property_damage,medium
Someone dumping household waste near railway crossing,illegal_dumping,medium
Small pile of leaves dumped near park entrance,illegal_dumping,low
Small pothole forming near market area,pothole,low
Entire bridge dark at night no lights working,streetlight,high
Large pothole on hospital road causing accidents,pothole,high
Streetlight flickering occasionally near railway crossing,streetlight,low
Someone dumping household waste near residential lane,illegal_dumping,medium
Deep pothole near bus stop damaging vehicles,pothole,high
Someone dumping household waste near park entrance,illegal_dumping,medium
Streetlight flickering occasionally near bus stop,streetlight,low
Foul smell coming from restroom near park entrance,sanitation,medium
Vandalized public property near community hall,property_damage,medium
Minor blockage in drain near bus stop,drainage,low
Minor waste accumulation near hospital road,garbage,low
Slow leak affecting community hall water tank,water_leak,medium
Water logging near hospital road due to leak,water_leak,medium
Minor blockage in drain near temple street,drainage,low
Trash not collected near bus stop for a week,garbage,medium
Vandalized public property near bus stop,property_damage,medium
Growing pothole on market area needs attention,pothole,medium
Public toilet near park entrance extremely unhygienic,sanitation,high
Drainage completely blocked flooding railway crossing,drainage,high
Minor scratch on signage near park entrance,property_damage,low
Road full of potholes near community hall after rain,pothole,medium
Minor cleanliness issue in toilet near bus stop,sanitation,low
Public toilet near school gate extremely unhygienic,sanitation,high
Streetlight not working near school gate for weeks,streetlight,medium
Dangerous pothole on residential lane injured a rider,pothole,high
Minor scratch on signage near railway crossing,property_damage,low
Minor scratch on signage near railway crossing,property_damage,low
Trash not collected near residential lane for a week,garbage,medium
Industrial waste dumped near residential lane,illegal_dumping,high
Huge pile of garbage rotting near main road,garbage,high
Public wall collapsed blocking residential lane,property_damage,high
Slow leak affecting community hall water tank,water_leak,medium
Minor scratch on signage near main road,property_damage,low
Minor blockage in drain near main road,drainage,low
Broken streetlight pole leaning dangerously near bus stop,streetlight,high
Slow leak affecting park entrance water tank,water_leak,medium
Slow drainage after rain near park entrance,drainage,medium
Streetlight flickering occasionally near railway crossing,streetlight,low
Slow drainage after rain near temple street,drainage,medium
Streetlight not working near railway crossing for weeks,streetlight,medium
Vandalized public property near residential lane,property_damage,medium
Someone dumping household waste near railway crossing,illegal_dumping,medium
Water logging near railway crossing due to leak,water_leak,medium
Minor waste accumulation near residential lane,garbage,low
Minor scratch on signage near bus stop,property_damage,low
Minor dripping from pipe joint near residential lane,water_leak,low
Public wall collapsed blocking residential lane,property_damage,high
Streetlight not working near main road for weeks,streetlight,medium
Water pipe burst flooding market area,water_leak,high
Sewage overflow near school gate,drainage,high
Slow leak affecting temple street water tank,water_leak,medium
Vandalized public property near railway crossing,property_damage,medium
Minor scratch on signage near hospital road,property_damage,low
Minor cleanliness issue in toilet near school gate,sanitation,low
Minor blockage in drain near market area,drainage,low
Trash not collected near bridge for a week,garbage,medium
Water pipe burst flooding main road,water_leak,high
Minor crack on hospital road not very deep,pothole,low
Industrial waste dumped near park entrance,illegal_dumping,high
Minor waste accumulation near hospital road,garbage,low
Small pothole forming near temple street,pothole,low
Streetlight flickering occasionally near park entrance,streetlight,low
Public wall collapsed blocking community hall,property_damage,high
Vandalized public property near bus stop,property_damage,medium
Minor blockage in drain near shopping complex,drainage,low
Entire shopping complex dark at night no lights working,streetlight,high
Slow drainage after rain near railway crossing,drainage,medium
Foul smell coming from restroom near railway crossing,sanitation,medium
Minor scratch on signage near residential lane,property_damage,low
Minor waste accumulation near market area,garbage,low
Minor cleanliness issue in toilet near temple street,sanitation,low
Someone dumping household waste near market area,illegal_dumping,medium
Someone dumping household waste near temple street,illegal_dumping,medium
Someone dumping household waste near temple street,illegal_dumping,medium
Slow drainage after rain near community hall,drainage,medium
Water pipe burst flooding market area,water_leak,high
Growing pothole on railway crossing needs attention,pothole,medium
Minor cleanliness issue in toilet near bridge,sanitation,low
Minor cleanliness issue in toilet near park entrance,sanitation,low
Slow leak affecting main road water tank,water_leak,medium
Water pipe burst flooding bus stop,water_leak,high
Road full of potholes near bus stop after rain,pothole,medium
Foul smell coming from restroom near hospital road,sanitation,medium
Vandalized public property near hospital road,property_damage,medium
Huge pile of garbage rotting near bus stop,garbage,high
Slow drainage after rain near park entrance,drainage,medium
Entire community hall dark at night no lights working,streetlight,high
Minor waste accumulation near park entrance,garbage,low
Garbage bin overflowing near temple street for days,garbage,medium
Minor waste accumulation near shopping complex,garbage,low
Huge pile of garbage rotting near bus stop,garbage,high
Industrial waste dumped near market area,illegal_dumping,high
Someone dumping household waste near temple street,illegal_dumping,medium
Minor cleanliness issue in toilet near main road,sanitation,low
Foul smell coming from restroom near community hall,sanitation,medium
Minor scratch on signage near hospital road,property_damage,low
Streetlight flickering occasionally near temple street,streetlight,low
Small pile of leaves dumped near market area,illegal_dumping,low
Minor dripping from pipe joint near market area,water_leak,low
Entire school gate dark at night no lights working,streetlight,high
Small pile of leaves dumped near hospital road,illegal_dumping,low
Small litter near shopping complex,garbage,low
Someone dumping household waste near shopping complex,illegal_dumping,medium
Industrial waste dumped near bus stop,illegal_dumping,high
Minor crack on bus stop not very deep,pothole,low
Slow leak affecting bus stop water tank,water_leak,medium
Small pile of leaves dumped near school gate,illegal_dumping,low
Streetlight flickering occasionally near park entrance,streetlight,low
Minor blockage in drain near school gate,drainage,low
Minor dripping from pipe joint near bus stop,water_leak,low
Slow leak affecting bridge water tank,water_leak,medium
Small litter near railway crossing,garbage,low
Huge pile of garbage rotting near main road,garbage,high
Streetlight not working near bridge for weeks,streetlight,medium
Sewage overflow near school gate,drainage,high
Someone dumping household waste near school gate,illegal_dumping,medium
Streetlight not working near main road for weeks,streetlight,medium
Streetlight not working near school gate for weeks,streetlight,medium
Minor crack on railway crossing not very deep,pothole,low
Minor scratch on signage near hospital road,property_damage,low
Someone dumping household waste near bus stop,illegal_dumping,medium
Streetlight not working near shopping complex for weeks,streetlight,medium
Entire bus stop dark at night no lights working,streetlight,high
Garbage bin overflowing near railway crossing for days,garbage,medium
Garbage bin overflowing near temple street for days,garbage,medium
Growing pothole on railway crossing needs attention,pothole,medium
Minor dripping from pipe joint near park entrance,water_leak,low
Slow drainage after rain near main road,drainage,medium
Streetlight flickering occasionally near park entrance,streetlight,low
Water pipe burst flooding temple street,water_leak,high
Vandalized public property near residential lane,property_damage,medium
Minor dripping from pipe joint near school gate,water_leak,low
Small pothole forming near market area,pothole,low
Broken streetlight pole leaning dangerously near residential lane,streetlight,high
Streetlight flickering occasionally near main road,streetlight,low
Slow drainage after rain near hospital road,drainage,medium
Small pile of leaves dumped near residential lane,illegal_dumping,low
Minor waste accumulation near shopping complex,garbage,low
Minor blockage in drain near hospital road,drainage,low
Slow drainage after rain near market area,drainage,medium
Overflowing dustbin near park entrance attracting animals,garbage,high
Small pile of leaves dumped near bus stop,illegal_dumping,low
Overflowing dustbin near main road attracting animals,garbage,high
Small pile of leaves dumped near market area,illegal_dumping,low
Road full of potholes near temple street after rain,pothole,medium
Streetlight flickering occasionally near bridge,streetlight,low
Major water leakage wasting water near shopping complex,water_leak,high
Streetlight flickering occasionally near residential lane,streetlight,low
Foul smell coming from restroom near community hall,sanitation,medium
Road full of potholes near market area after rain,pothole,medium
Overflowing dustbin near hospital road attracting animals,garbage,high
Foul smell coming from restroom near hospital road,sanitation,medium
Slow drainage after rain near community hall,drainage,medium
Industrial waste dumped near park entrance,illegal_dumping,high
Industrial waste dumped near railway crossing,illegal_dumping,high
Minor cleanliness issue in toilet near bridge,sanitation,low
Trash not collected near railway crossing for a week,garbage,medium
Growing pothole on residential lane needs attention,pothole,medium
Someone dumping household waste near shopping complex,illegal_dumping,medium
Someone dumping household waste near market area,illegal_dumping,medium
Someone dumping household waste near market area,illegal_dumping,medium
Water pipe burst flooding bridge,water_leak,high
Slow drainage after rain near temple street,drainage,medium
Vandalized public property near community hall,property_damage,medium
Public wall collapsed blocking hospital road,property_damage,high
Water pipe burst flooding school gate,water_leak,high
Streetlight not working near school gate for weeks,streetlight,medium
Public toilet near park entrance extremely unhygienic,sanitation,high
Minor crack on market area not very deep,pothole,low
Minor crack on bridge not very deep,pothole,low
Trash not collected near residential lane for a week,garbage,medium
Trash not collected near bridge for a week,garbage,medium
Someone dumping household waste near park entrance,illegal_dumping,medium
Drainage completely blocked flooding bridge,drainage,high
Foul smell coming from restroom near community hall,sanitation,medium
Slow drainage after rain near bridge,drainage,medium
Vandalized public property near community hall,property_damage,medium
Small pile of leaves dumped near bus stop,illegal_dumping,low
Foul smell coming from restroom near school gate,sanitation,medium
Sewage overflow near hospital road,drainage,high
Streetlight flickering occasionally near market area,streetlight,low
Minor dripping from pipe joint near residential lane,water_leak,low
Slow drainage after rain near temple street,drainage,medium
Slow leak affecting residential lane water tank,water_leak,medium
Dangerous pothole on main road injured a rider,pothole,high
Industrial waste dumped near residential lane,illegal_dumping,high
Minor blockage in drain near railway crossing,drainage,low
Minor blockage in drain near community hall,drainage,low
Public toilet near market area extremely unhygienic,sanitation,high
Entire residential lane dark at night no lights working,streetlight,high
Minor crack on school gate not very deep,pothole,low
Small litter near market area,garbage,low
Small pile of leaves dumped near market area,illegal_dumping,low
Foul smell coming from restroom near temple street,sanitation,medium
Minor waste accumulation near main road,garbage,low
Dangerous pothole on temple street injured a rider,pothole,high
Drainage completely blocked flooding shopping complex,drainage,high
Overflowing dustbin near community hall attracting animals,garbage,high
Streetlight not working near main road for weeks,streetlight,medium
Streetlight not working near bridge for weeks,streetlight,medium
Small pile of leaves dumped near bus stop,illegal_dumping,low
Small pile of leaves dumped near railway crossing,illegal_dumping,low
Dangerous pothole on temple street injured a rider,pothole,high
Public wall collapsed blocking park entrance,property_damage,high
Growing pothole on hospital road needs attention,pothole,medium
Minor cleanliness issue in toilet near school gate,sanitation,low
Minor cleanliness issue in toilet near residential lane,sanitation,low
Minor dripping from pipe joint near railway crossing,water_leak,low
Vandalized public property near shopping complex,property_damage,medium
Minor crack on residential lane not very deep,pothole,low
Public wall collapsed blocking bus stop,property_damage,high
Small pile of leaves dumped near school gate,illegal_dumping,low
Entire main road dark at night no lights working,streetlight,high
Streetlight not working near bus stop for weeks,streetlight,medium
Overflowing dustbin near market area attracting animals,garbage,high
Public wall collapsed blocking bus stop,property_damage,high
Small pile of leaves dumped near market area,illegal_dumping,low
Streetlight not working near market area for weeks,streetlight,medium
Large pothole on railway crossing causing accidents,pothole,high
Drainage completely blocked flooding railway crossing,drainage,high
Minor dripping from pipe joint near park entrance,water_leak,low
Small pile of leaves dumped near temple street,illegal_dumping,low
Sewage overflow near shopping complex,drainage,high
Vandalized public property near community hall,property_damage,medium
Drainage completely blocked flooding main road,drainage,high
Slow drainage after rain near railway crossing,drainage,medium
Vandalized public property near school gate,property_damage,medium
Public wall collapsed blocking school gate,property_damage,high
Minor blockage in drain near hospital road,drainage,low
Public toilet near school gate extremely unhygienic,sanitation,high
Streetlight not working near shopping complex for weeks,streetlight,medium
Dangerous pothole on market area injured a rider,pothole,high
Growing pothole on school gate needs attention,pothole,medium
Trash not collected near shopping complex for a week,garbage,medium
Streetlight not working near temple street for weeks,streetlight,medium
Industrial waste dumped near community hall,illegal_dumping,high
Slow drainage after rain near shopping complex,drainage,medium
Industrial waste dumped near community hall,illegal_dumping,high
Industrial waste dumped near bus stop,illegal_dumping,high
Large pothole on school gate causing accidents,pothole,high
Slow drainage after rain near main road,drainage,medium
Public toilet near main road extremely unhygienic,sanitation,high
Public toilet near market area extremely unhygienic,sanitation,high
Dangerous pothole on community hall injured a rider,pothole,high
Major water leakage wasting water near railway crossing,water_leak,high
Minor blockage in drain near bus stop,drainage,low
Dangerous pothole on railway crossing injured a rider,pothole,high
Broken streetlight pole leaning dangerously near park entrance,streetlight,high
Public wall collapsed blocking residential lane,property_damage,high
Major water leakage wasting water near bridge,water_leak,high
Garbage bin overflowing near school gate for days,garbage,medium
Minor crack on residential lane not very deep,pothole,low
Vandalized public property near school gate,property_damage,medium
Slow leak affecting bridge water tank,water_leak,medium
Minor dripping from pipe joint near bus stop,water_leak,low
Slow drainage after rain near school gate,drainage,medium
Minor blockage in drain near shopping complex,drainage,low
Public wall collapsed blocking shopping complex,property_damage,high
Overflowing dustbin near railway crossing attracting animals,garbage,high
Broken streetlight pole leaning dangerously near temple street,streetlight,high
Public wall collapsed blocking shopping complex,property_damage,high
Broken streetlight pole leaning dangerously near railway crossing,streetlight,high
Industrial waste dumped near main road,illegal_dumping,high
Minor dripping from pipe joint near school gate,water_leak,low
Sewage overflow near railway crossing,drainage,high
Slow drainage after rain near main road,drainage,medium
Broken streetlight pole leaning dangerously near main road,streetlight,high
Growing pothole on residential lane needs attention,pothole,medium
Broken streetlight pole leaning dangerously near community hall,streetlight,high
Minor blockage in drain near bridge,drainage,low
Someone dumping household waste near bridge,illegal_dumping,medium
Minor blockage in drain near park entrance,drainage,low
Minor scratch on signage near temple street,property_damage,low
Public wall collapsed blocking school gate,property_damage,high
Public toilet near bus stop extremely unhygienic,sanitation,high
Public toilet near school gate extremely unhygienic,sanitation,high
Road full of potholes near main road after rain,pothole,medium
Small pile of leaves dumped near bus stop,illegal_dumping,low
Minor dripping from pipe joint near market area,water_leak,low
Minor dripping from pipe joint near shopping complex,water_leak,low
Public wall collapsed blocking market area,property_damage,high
Someone dumping household waste near hospital road,illegal_dumping,medium
Industrial waste dumped near school gate,illegal_dumping,high
Industrial waste dumped near shopping complex,illegal_dumping,high
Minor blockage in drain near main road,drainage,low
Slow drainage after rain near temple street,drainage,medium
Minor waste accumulation near residential lane,garbage,low
Minor blockage in drain near park entrance,drainage,low
Public wall collapsed blocking community hall,property_damage,high
Water pipe burst flooding bus stop,water_leak,high
Minor scratch on signage near railway crossing,property_damage,low
Trash not collected near market area for a week,garbage,medium
Streetlight flickering occasionally near market area,streetlight,low
Overflowing dustbin near market area attracting animals,garbage,high
Trash not collected near hospital road for a week,garbage,medium
Small pothole forming near shopping complex,pothole,low
Drainage completely blocked flooding bridge,drainage,high
Huge pile of garbage rotting near hospital road,garbage,high
Water pipe burst flooding hospital road,water_leak,high
Minor dripping from pipe joint near main road,water_leak,low
Foul smell coming from restroom near main road,sanitation,medium
Public wall collapsed blocking community hall,property_damage,high
Trash not collected near school gate for a week,garbage,medium
Garbage bin overflowing near park entrance for days,garbage,medium
Foul smell coming from restroom near main road,sanitation,medium
Minor cleanliness issue in toilet near hospital road,sanitation,low
Garbage bin overflowing near school gate for days,garbage,medium
Slow leak affecting hospital road water tank,water_leak,medium
Water logging near bridge due to leak,water_leak,medium
Someone dumping household waste near railway crossing,illegal_dumping,medium
Overflowing dustbin near community hall attracting animals,garbage,high
Slow leak affecting park entrance water tank,water_leak,medium
Minor blockage in drain near residential lane,drainage,low
Water logging near residential lane due to leak,water_leak,medium
Small pile of leaves dumped near main road,illegal_dumping,low
Small pothole forming near hospital road,pothole,low
Huge pile of garbage rotting near bus stop,garbage,high
Small pile of leaves dumped near bus stop,illegal_dumping,low
